DATE,NFCI
1971-01-08,0.64741
1971-01-15,0.68542
1971-01-22,0.73055
1971-01-29,0.77959
1971-02-05,0.82936
1971-02-12,0.87572
1971-02-19,0.91604
1971-02-26,0.95049
1971-03-05,0.9819
1971-03-12,1.01396
1971-03-19,1.05131
1971-03-26,1.09957
1971-04-02,1.16181
1971-04-09,1.23916
1971-04-16,1.32813
1971-04-23,1.42103
1971-04-30,1.50714
1971-05-07,1.57345
1971-05-14,1.60525
1971-05-21,1.59339
1971-05-28,1.53548
1971-06-04,1.43573
1971-06-11,1.30362
1971-06-18,1.15974
1971-06-25,1.02652
1971-07-02,0.92752
1971-07-09,0.88549
1971-07-16,0.91683
1971-07-23,1.02809
1971-07-30,1.21376
1971-08-06,1.45442
1971-08-13,1.72069
1971-08-20,1.98012
1971-08-27,2.1977
1971-09-03,2.35141
1971-09-10,2.42513
1971-09-17,2.41966
1971-09-24,2.34216
1971-10-01,2.21042
1971-10-08,2.04461
1971-10-15,1.86908
1971-10-22,1.70539
1971-10-29,1.57073
1971-11-05,1.47553
1971-11-12,1.42175
1971-11-19,1.40545
1971-11-26,1.41521
1971-12-03,1.43856
1971-12-10,1.4618
1971-12-17,1.47145
1971-12-24,1.45701
1971-12-31,1.41561
1972-01-07,1.33942
1972-01-14,1.24079
1972-01-21,1.12452
1972-01-28,1.00196
1972-02-04,0.88391
1972-02-11,0.77729
1972-02-18,0.68601
1972-02-25,0.61199
1972-03-03,0.55493
1972-03-10,0.51288
1972-03-17,0.48182
1972-03-24,0.45662
1972-03-31,0.43076
1972-04-07,0.39843
1972-04-14,0.35795
1972-04-21,0.3073
1972-04-28,0.25085
1972-05-05,0.19309
1972-05-12,0.14058
1972-05-19,0.0997
1972-05-26,0.07687
1972-06-02,0.07552
1972-06-09,0.09717
1972-06-16,0.13916
1972-06-23,0.19569
1972-06-30,0.25773
1972-07-07,0.31496
1972-07-14,0.3585
1972-07-21,0.3807
1972-07-28,0.3769
1972-08-04,0.34616
1972-08-11,0.29084
1972-08-18,0.21686
1972-08-25,0.13196
1972-09-01,0.04591
1972-09-08,-0.03103
1972-09-15,-0.09201
1972-09-22,-0.13352
1972-09-29,-0.1559
1972-10-06,-0.16355
1972-10-13,-0.16323
1972-10-20,-0.16112
1972-10-27,-0.1628
1972-11-03,-0.17187
1972-11-10,-0.18953
1972-11-17,-0.21565
1972-11-24,-0.24837
1972-12-01,-0.28279
1972-12-08,-0.31327
1972-12-15,-0.33325
1972-12-22,-0.33433
1972-12-29,-0.30918
1973-01-05,-0.25258
1973-01-12,-0.161
1973-01-19,-0.035
1973-01-26,0.12152
1973-02-02,0.30082
1973-02-09,0.49093
1973-02-16,0.67759
1973-02-23,0.84788
1973-03-02,0.98986
1973-03-09,1.0969
1973-03-16,1.16659
1973-03-23,1.2034
1973-03-30,1.2135
1973-04-06,1.20349
1973-04-13,1.18172
1973-04-20,1.15333
1973-04-27,1.12256
1973-05-04,1.0909
1973-05-11,1.0604
1973-05-18,1.03175
1973-05-25,1.0071
1973-06-01,0.98985
1973-06-08,0.98455
1973-06-15,0.99576
1973-06-22,1.02779
1973-06-29,1.08369
1973-07-06,1.16288
1973-07-13,1.26412
1973-07-20,1.38155
1973-07-27,1.51039
1973-08-03,1.64301
1973-08-10,1.77325
1973-08-17,1.89464
1973-08-24,2.00277
1973-08-31,2.09222
1973-09-07,2.15846
1973-09-14,2.19882
1973-09-21,2.2122
1973-09-28,2.1988
1973-10-05,2.15952
1973-10-12,2.10257
1973-10-19,2.03547
1973-10-26,1.97146
1973-11-02,1.92084
1973-11-09,1.89198
1973-11-16,1.88665
1973-11-23,1.89734
1973-11-30,1.90943
1973-12-07,1.90453
1973-12-14,1.86694
1973-12-21,1.78577
1973-12-28,1.65879
1974-01-04,1.48962
1974-01-11,1.29276
1974-01-18,1.08134
1974-01-25,0.86992
1974-02-01,0.67257
1974-02-08,0.50125
1974-02-15,0.36661
1974-02-22,0.27792
1974-03-01,0.24113
1974-03-08,0.26034
1974-03-15,0.33564
1974-03-22,0.46362
1974-03-29,0.63923
1974-04-05,0.85739
1974-04-12,1.11463
1974-04-19,1.40543
1974-04-26,1.72527
1974-05-03,2.0673
1974-05-10,2.42538
1974-05-17,2.79253
1974-05-24,3.16067
1974-05-31,3.52538
1974-06-07,3.88009
1974-06-14,4.21389
1974-06-21,4.51462
1974-06-28,4.76626
1974-07-05,4.95341
1974-07-12,5.06702
1974-07-19,5.10558
1974-07-26,5.07754
1974-08-02,4.99776
1974-08-09,4.88065
1974-08-16,4.74573
1974-08-23,4.60457
1974-08-30,4.46759
1974-09-06,4.33649
1974-09-13,4.20871
1974-09-20,4.07841
1974-09-27,3.93388
1974-10-04,3.76934
1974-10-11,3.58263
1974-10-18,3.38386
1974-10-25,3.18663
1974-11-01,3.00563
1974-11-08,2.85397
1974-11-15,2.73719
1974-11-22,2.65106
1974-11-29,2.58889
1974-12-06,2.53753
1974-12-13,2.48384
1974-12-20,2.4173
1974-12-27,2.32655
1975-01-03,2.20719
1975-01-10,2.05796
1975-01-17,1.88529
1975-01-24,1.69863
1975-01-31,1.50913
1975-02-07,1.32641
1975-02-14,1.15894
1975-02-21,1.00851
1975-02-28,0.87538
1975-03-07,0.75815
1975-03-14,0.65469
1975-03-21,0.56238
1975-03-28,0.47763
1975-04-04,0.39666
1975-04-11,0.31628
1975-04-18,0.23414
1975-04-25,0.14878
1975-05-02,0.06225
1975-05-09,-0.02328
1975-05-16,-0.10419
1975-05-23,-0.17865
1975-05-30,-0.24276
1975-06-06,-0.29544
1975-06-13,-0.33644
1975-06-20,-0.36692
1975-06-27,-0.3883
1975-07-04,-0.40271
1975-07-11,-0.41223
1975-07-18,-0.41833
1975-07-25,-0.42007
1975-08-01,-0.41645
1975-08-08,-0.4057
1975-08-15,-0.38685
1975-08-22,-0.35884
1975-08-29,-0.32147
1975-09-05,-0.27647
1975-09-12,-0.2257
1975-09-19,-0.17205
1975-09-26,-0.11959
1975-10-03,-0.07102
1975-10-10,-0.03039
1975-10-17,0.00089
1975-10-24,0.02246
1975-10-31,0.03372
1975-11-07,0.03332
1975-11-14,0.02071
1975-11-21,-0.00491
1975-11-28,-0.04465
1975-12-05,-0.09837
1975-12-12,-0.16434
1975-12-19,-0.23946
1975-12-26,-0.32046
1976-01-02,-0.40334
1976-01-09,-0.48379
1976-01-16,-0.55745
1976-01-23,-0.62175
1976-01-30,-0.67531
1976-02-06,-0.7176
1976-02-13,-0.74882
1976-02-20,-0.77169
1976-02-27,-0.788
1976-03-05,-0.7995
1976-03-12,-0.80675
1976-03-19,-0.81019
1976-03-26,-0.80897
1976-04-02,-0.80189
1976-04-09,-0.78763
1976-04-16,-0.76536
1976-04-23,-0.73586
1976-04-30,-0.70004
1976-05-07,-0.6604
1976-05-14,-0.6207
1976-05-21,-0.5854
1976-05-28,-0.55828
1976-06-04,-0.54298
1976-06-11,-0.54143
1976-06-18,-0.55324
1976-06-25,-0.57702
1976-07-02,-0.60914
1976-07-09,-0.64595
1976-07-16,-0.68369
1976-07-23,-0.71961
1976-07-30,-0.75115
1976-08-06,-0.77751
1976-08-13,-0.79861
1976-08-20,-0.81475
1976-08-27,-0.82648
1976-09-03,-0.83482
1976-09-10,-0.84058
1976-09-17,-0.84419
1976-09-24,-0.84615
1976-10-01,-0.84587
1976-10-08,-0.84372
1976-10-15,-0.83894
1976-10-22,-0.83089
1976-10-29,-0.81915
1976-11-05,-0.80448
1976-11-12,-0.78726
1976-11-19,-0.76901
1976-11-26,-0.75263
1976-12-03,-0.74031
1976-12-10,-0.73535
1976-12-17,-0.73868
1976-12-24,-0.75142
1976-12-31,-0.77247
1977-01-07,-0.80017
1977-01-14,-0.83043
1977-01-21,-0.8607
1977-01-28,-0.88806
1977-02-04,-0.90996
1977-02-11,-0.92466
1977-02-18,-0.93144
1977-02-25,-0.92999
1977-03-04,-0.92029
1977-03-11,-0.90373
1977-03-18,-0.88144
1977-03-25,-0.85512
1977-04-01,-0.82568
1977-04-08,-0.79413
1977-04-15,-0.76007
1977-04-22,-0.72426
1977-04-29,-0.68696
1977-05-06,-0.65006
1977-05-13,-0.61546
1977-05-20,-0.58603
1977-05-27,-0.56299
1977-06-03,-0.54757
1977-06-10,-0.5399
1977-06-17,-0.53831
1977-06-24,-0.54164
1977-07-01,-0.54786
1977-07-08,-0.5547
1977-07-15,-0.55933
1977-07-22,-0.55962
1977-07-29,-0.55396
1977-08-05,-0.54213
1977-08-12,-0.52501
1977-08-19,-0.50393
1977-08-26,-0.48041
1977-09-02,-0.4552
1977-09-09,-0.42841
1977-09-16,-0.39949
1977-09-23,-0.36911
1977-09-30,-0.33723
1977-10-07,-0.30552
1977-10-14,-0.27504
1977-10-21,-0.24693
1977-10-28,-0.22223
1977-11-04,-0.20117
1977-11-11,-0.18427
1977-11-18,-0.17178
1977-11-25,-0.16426
1977-12-02,-0.16187
1977-12-09,-0.16512
1977-12-16,-0.17355
1977-12-23,-0.18648
1977-12-30,-0.202
1978-01-06,-0.21874
1978-01-13,-0.23421
1978-01-20,-0.24649
1978-01-27,-0.25431
1978-02-03,-0.25615
1978-02-10,-0.25133
1978-02-17,-0.23866
1978-02-24,-0.21772
1978-03-03,-0.18874
1978-03-10,-0.15212
1978-03-17,-0.10868
1978-03-24,-0.05916
1978-03-31,-0.00459
1978-04-07,0.05459
1978-04-14,0.11768
1978-04-21,0.18291
1978-04-28,0.2484
1978-05-05,0.31186
1978-05-12,0.37108
1978-05-19,0.42461
1978-05-26,0.47148
1978-06-02,0.51132
1978-06-09,0.54341
1978-06-16,0.5676
1978-06-23,0.58279
1978-06-30,0.5891
1978-07-07,0.58676
1978-07-14,0.57612
1978-07-21,0.55842
1978-07-28,0.53533
1978-08-04,0.50864
1978-08-11,0.48215
1978-08-18,0.46253
1978-08-25,0.45693
1978-09-01,0.4728
1978-09-08,0.51776
1978-09-15,0.59621
1978-09-22,0.70899
1978-09-29,0.85462
1978-10-06,1.02576
1978-10-13,1.21429
1978-10-20,1.40806
1978-10-27,1.59437
1978-11-03,1.75817
1978-11-10,1.89022
1978-11-17,1.98276
1978-11-24,2.0296
1978-12-01,2.03469
1978-12-08,2.00104
1978-12-15,1.93359
1978-12-22,1.8388
1978-12-29,1.72171
1979-01-05,1.58752
1979-01-12,1.44228
1979-01-19,1.29169
1979-01-26,1.14176
1979-02-02,0.99739
1979-02-09,0.86242
1979-02-16,0.73808
1979-02-23,0.62546
1979-03-02,0.5265
1979-03-09,0.4413
1979-03-16,0.37199
1979-03-23,0.31971
1979-03-30,0.28513
1979-04-06,0.2675
1979-04-13,0.26478
1979-04-20,0.27465
1979-04-27,0.29457
1979-05-04,0.32305
1979-05-11,0.35937
1979-05-18,0.40412
1979-05-25,0.45765
1979-06-01,0.51956
1979-06-08,0.58762
1979-06-15,0.65978
1979-06-22,0.73338
1979-06-29,0.80746
1979-07-06,0.88115
1979-07-13,0.95585
1979-07-20,1.03363
1979-07-27,1.11502
1979-08-03,1.20116
1979-08-10,1.2927
1979-08-17,1.39131
1979-08-24,1.49743
1979-08-31,1.61139
1979-09-07,1.73178
1979-09-14,1.85653
1979-09-21,1.9817
1979-09-28,2.10234
1979-10-05,2.21448
1979-10-12,2.31457
1979-10-19,2.39738
1979-10-26,2.45781
1979-11-02,2.49185
1979-11-09,2.49298
1979-11-16,2.46112
1979-11-23,2.39854
1979-11-30,2.31253
1979-12-07,2.2117
1979-12-14,2.10523
1979-12-21,2.00272
1979-12-28,1.90786
1980-01-04,1.82658
1980-01-11,1.76667
1980-01-18,1.73454
1980-01-25,1.74161
1980-02-01,1.79868
1980-02-08,1.91154
1980-02-15,2.08342
1980-02-22,2.31068
1980-02-29,2.58191
1980-03-07,2.87814
1980-03-14,3.18199
1980-03-21,3.46743
1980-03-28,3.70824
1980-04-04,3.88797
1980-04-11,3.98451
1980-04-18,3.98965
1980-04-25,3.90454
1980-05-02,3.73732
1980-05-09,3.50528
1980-05-16,3.23202
1980-05-23,2.9353
1980-05-30,2.62797
1980-06-06,2.32214
1980-06-13,2.0219
1980-06-20,1.73023
1980-06-27,1.45822
1980-07-04,1.21911
1980-07-11,1.02155
1980-07-18,0.8784
1980-07-25,0.78788
1980-08-01,0.7469
1980-08-08,0.74892
1980-08-15,0.7813
1980-08-22,0.8327
1980-08-29,0.90076
1980-09-05,0.979
1980-09-12,1.05825
1980-09-19,1.14269
1980-09-26,1.23114
1980-10-03,1.32809
1980-10-10,1.43664
1980-10-17,1.57032
1980-10-24,1.7285
1980-10-31,1.91711
1980-11-07,2.13144
1980-11-14,2.35988
1980-11-21,2.59521
1980-11-28,2.82445
1980-12-05,3.02351
1980-12-12,3.17809
1980-12-19,3.28306
1980-12-26,3.31463
1981-01-02,3.28042
1981-01-09,3.1818
1981-01-16,3.03426
1981-01-23,2.85058
1981-01-30,2.65109
1981-02-06,2.44648
1981-02-13,2.25355
1981-02-20,2.08126
1981-02-27,1.92758
1981-03-06,1.80282
1981-03-13,1.71101
1981-03-20,1.65596
1981-03-27,1.64072
1981-04-03,1.66744
1981-04-10,1.72887
1981-04-17,1.82369
1981-04-24,1.93627
1981-05-01,2.06384
1981-05-08,2.20567
1981-05-15,2.35869
1981-05-22,2.51994
1981-05-29,2.69304
1981-06-05,2.86521
1981-06-12,3.03401
1981-06-19,3.18728
1981-06-26,3.31851
1981-07-03,3.42254
1981-07-10,3.49732
1981-07-17,3.54096
1981-07-24,3.54873
1981-07-31,3.52729
1981-08-07,3.47563
1981-08-14,3.40321
1981-08-21,3.32039
1981-08-28,3.23843
1981-09-04,3.16103
1981-09-11,3.09452
1981-09-18,3.03269
1981-09-25,2.97541
1981-10-02,2.92602
1981-10-09,2.87841
1981-10-16,2.83597
1981-10-23,2.79355
1981-10-30,2.74366
1981-11-06,2.67688
1981-11-13,2.59334
1981-11-20,2.49459
1981-11-27,2.39111
1981-12-04,2.2937
1981-12-11,2.20637
1981-12-18,2.12858
1981-12-25,2.06063
1982-01-01,1.99622
1982-01-08,1.93755
1982-01-15,1.8946
1982-01-22,1.87112
1982-01-29,1.87515
1982-02-05,1.89996
1982-02-12,1.94125
1982-02-19,1.98821
1982-02-26,2.03252
1982-03-05,2.06659
1982-03-12,2.09215
1982-03-19,2.11436
1982-03-26,2.13415
1982-04-02,2.15137
1982-04-09,2.17105
1982-04-16,2.19258
1982-04-23,2.21831
1982-04-30,2.25477
1982-05-07,2.30716
1982-05-14,2.38083
1982-05-21,2.47614
1982-05-28,2.58481
1982-06-04,2.69654
1982-06-11,2.80278
1982-06-18,2.88888
1982-06-25,2.94605
1982-07-02,2.97313
1982-07-09,2.97629
1982-07-16,2.96378
1982-07-23,2.95353
1982-07-30,2.9592
1982-08-06,2.99361
1982-08-13,3.06224
1982-08-20,3.15855
1982-08-27,3.27262
1982-09-03,3.3832
1982-09-10,3.46351
1982-09-17,3.48774
1982-09-24,3.43226
1982-10-01,3.28725
1982-10-08,3.05743
1982-10-15,2.76129
1982-10-22,2.4291
1982-10-29,2.09089
1982-11-05,1.77388
1982-11-12,1.49511
1982-11-19,1.26336
1982-11-26,1.07973
1982-12-03,0.93638
1982-12-10,0.82412
1982-12-17,0.7329
1982-12-24,0.64987
1982-12-31,0.56819
1983-01-07,0.48413
1983-01-14,0.39862
1983-01-21,0.31462
1983-01-28,0.23737
1983-02-04,0.17031
1983-02-11,0.11574
1983-02-18,0.07537
1983-02-25,0.04842
1983-03-04,0.03197
1983-03-11,0.02597
1983-03-18,0.02659
1983-03-25,0.02762
1983-04-01,0.02518
1983-04-08,0.01413
1983-04-15,-0.00802
1983-04-22,-0.0404
1983-04-29,-0.07931
1983-05-06,-0.11915
1983-05-13,-0.15388
1983-05-20,-0.17967
1983-05-27,-0.19644
1983-06-03,-0.20274
1983-06-10,-0.2003
1983-06-17,-0.1914
1983-06-24,-0.17686
1983-07-01,-0.15748
1983-07-08,-0.13684
1983-07-15,-0.11686
1983-07-22,-0.10101
1983-07-29,-0.09065
1983-08-05,-0.08607
1983-08-12,-0.08607
1983-08-19,-0.08986
1983-08-26,-0.09435
1983-09-02,-0.09856
1983-09-09,-0.10176
1983-09-16,-0.10233
1983-09-23,-0.09721
1983-09-30,-0.08539
1983-10-07,-0.06528
1983-10-14,-0.03767
1983-10-21,-0.00456
1983-10-28,0.02826
1983-11-04,0.05902
1983-11-11,0.0839
1983-11-18,0.10308
1983-11-25,0.11686
1983-12-02,0.12449
1983-12-09,0.12502
1983-12-16,0.11669
1983-12-23,0.09668
1983-12-30,0.06435
1984-01-06,0.02385
1984-01-13,-0.02124
1984-01-20,-0.06664
1984-01-27,-0.10731
1984-02-03,-0.14103
1984-02-10,-0.16709
1984-02-17,-0.18375
1984-02-24,-0.19052
1984-03-02,-0.18516
1984-03-09,-0.16582
1984-03-16,-0.13149
1984-03-23,-0.08257
1984-03-30,-0.0187
1984-04-06,0.05991
1984-04-13,0.15267
1984-04-20,0.26039
1984-04-27,0.38214
1984-05-04,0.513
1984-05-11,0.64768
1984-05-18,0.77853
1984-05-25,0.89941
1984-06-01,1.00745
1984-06-08,1.09871
1984-06-15,1.17177
1984-06-22,1.22197
1984-06-29,1.24342
1984-07-06,1.23061
1984-07-13,1.18272
1984-07-20,1.10635
1984-07-27,1.01054
1984-08-03,0.9079
1984-08-10,0.80965
1984-08-17,0.72237
1984-08-24,0.6471
1984-08-31,0.5822
1984-09-07,0.52534
1984-09-14,0.47241
1984-09-21,0.41978
1984-09-28,0.36638
1984-10-05,0.31206
1984-10-12,0.25646
1984-10-19,0.20051
1984-10-26,0.14611
1984-11-02,0.0947
1984-11-09,0.0468
1984-11-16,0.00206
1984-11-23,-0.03923
1984-11-30,-0.07887
1984-12-07,-0.11713
1984-12-14,-0.15723
1984-12-21,-0.19984
1984-12-28,-0.24355
1985-01-04,-0.28758
1985-01-11,-0.32734
1985-01-18,-0.35778
1985-01-25,-0.37608
1985-02-01,-0.38069
1985-02-08,-0.3725
1985-02-15,-0.35532
1985-02-22,-0.33287
1985-03-01,-0.30863
1985-03-08,-0.28599
1985-03-15,-0.26779
1985-03-22,-0.25516
1985-03-29,-0.24993
1985-04-05,-0.25448
1985-04-12,-0.2685
1985-04-19,-0.29128
1985-04-26,-0.3204
1985-05-03,-0.35205
1985-05-10,-0.38423
1985-05-17,-0.41205
1985-05-24,-0.43418
1985-05-31,-0.44924
1985-06-07,-0.45629
1985-06-14,-0.45481
1985-06-21,-0.44602
1985-06-28,-0.43058
1985-07-05,-0.41055
1985-07-12,-0.3867
1985-07-19,-0.35935
1985-07-26,-0.32869
1985-08-02,-0.29532
1985-08-09,-0.25926
1985-08-16,-0.22202
1985-08-23,-0.1863
1985-08-30,-0.15482
1985-09-06,-0.13075
1985-09-13,-0.11695
1985-09-20,-0.11592
1985-09-27,-0.12759
1985-10-04,-0.15166
1985-10-11,-0.18487
1985-10-18,-0.22312
1985-10-25,-0.26128
1985-11-01,-0.29425
1985-11-08,-0.31774
1985-11-15,-0.32986
1985-11-22,-0.33009
1985-11-29,-0.3208
1985-12-06,-0.30571
1985-12-13,-0.2885
1985-12-20,-0.27309
1985-12-27,-0.26032
1986-01-03,-0.25319
1986-01-10,-0.25124
1986-01-17,-0.25439
1986-01-24,-0.26201
1986-01-31,-0.27359
1986-02-07,-0.2862
1986-02-14,-0.29735
1986-02-21,-0.30503
1986-02-28,-0.30875
1986-03-07,-0.31003
1986-03-14,-0.31231
1986-03-21,-0.31928
1986-03-28,-0.33461
1986-04-04,-0.36062
1986-04-11,-0.39446
1986-04-18,-0.43263
1986-04-25,-0.47072
1986-05-02,-0.50324
1986-05-09,-0.52632
1986-05-16,-0.53795
1986-05-23,-0.53764
1986-05-30,-0.52677
1986-06-06,-0.50807
1986-06-13,-0.485
1986-06-20,-0.46335
1986-06-27,-0.44879
1986-07-04,-0.44475
1986-07-11,-0.45252
1986-07-18,-0.47258
1986-07-25,-0.50173
1986-08-01,-0.53541
1986-08-08,-0.56784
1986-08-15,-0.59492
1986-08-22,-0.61159
1986-08-29,-0.61516
1986-09-05,-0.60589
1986-09-12,-0.58612
1986-09-19,-0.56292
1986-09-26,-0.54109
1986-10-03,-0.52523
1986-10-10,-0.51834
1986-10-17,-0.51981
1986-10-24,-0.52613
1986-10-31,-0.53507
1986-11-07,-0.54388
1986-11-14,-0.5509
1986-11-21,-0.55332
1986-11-28,-0.55023
1986-12-05,-0.54087
1986-12-12,-0.52608
1986-12-19,-0.5074
1986-12-26,-0.48854
1987-01-02,-0.47562
1987-01-09,-0.46937
1987-01-16,-0.46997
1987-01-23,-0.47434
1987-01-30,-0.47927
1987-02-06,-0.4803
1987-02-13,-0.47551
1987-02-20,-0.46232
1987-02-27,-0.44085
1987-03-06,-0.40727
1987-03-13,-0.35475
1987-03-20,-0.27905
1987-03-27,-0.1792
1987-04-03,-0.05754
1987-04-10,0.07699
1987-04-17,0.21547
1987-04-24,0.34639
1987-05-01,0.45996
1987-05-08,0.55404
1987-05-15,0.62065
1987-05-22,0.65942
1987-05-29,0.66308
1987-06-05,0.63621
1987-06-12,0.58463
1987-06-19,0.51442
1987-06-26,0.43869
1987-07-03,0.36345
1987-07-10,0.29224
1987-07-17,0.22189
1987-07-24,0.15155
1987-07-31,0.08647
1987-08-07,0.0356
1987-08-14,0.00665
1987-08-21,0.01349
1987-08-28,0.05799
1987-09-04,0.13949
1987-09-11,0.24802
1987-09-18,0.37891
1987-09-25,0.52519
1987-10-02,0.68213
1987-10-09,0.83687
1987-10-16,0.97643
1987-10-23,1.08753
1987-10-30,1.16012
1987-11-06,1.18737
1987-11-13,1.18171
1987-11-20,1.15609
1987-11-27,1.11769
1987-12-04,1.07335
1987-12-11,1.01707
1987-12-18,0.94965
1987-12-25,0.86594
1988-01-01,0.76954
1988-01-08,0.66622
1988-01-15,0.56568
1988-01-22,0.47051
1988-01-29,0.38383
1988-02-05,0.30592
1988-02-12,0.23884
1988-02-19,0.18442
1988-02-26,0.14385
1988-03-04,0.12025
1988-03-11,0.11432
1988-03-18,0.12564
1988-03-25,0.14804
1988-04-01,0.1788
1988-04-08,0.2131
1988-04-15,0.24397
1988-04-22,0.26936
1988-04-29,0.28473
1988-05-06,0.29008
1988-05-13,0.28715
1988-05-20,0.27786
1988-05-27,0.26664
1988-06-03,0.25933
1988-06-10,0.25884
1988-06-17,0.26759
1988-06-24,0.28597
1988-07-01,0.31217
1988-07-08,0.34202
1988-07-15,0.37215
1988-07-22,0.39955
1988-07-29,0.42034
1988-08-05,0.43325
1988-08-12,0.43599
1988-08-19,0.42725
1988-08-26,0.40726
1988-09-02,0.37992
1988-09-09,0.3484
1988-09-16,0.31864
1988-09-23,0.29442
1988-09-30,0.27533
1988-10-07,0.25915
1988-10-14,0.24351
1988-10-21,0.22677
1988-10-28,0.20957
1988-11-04,0.19381
1988-11-11,0.18213
1988-11-18,0.17496
1988-11-25,0.17218
1988-12-02,0.17126
1988-12-09,0.17136
1988-12-16,0.17086
1988-12-23,0.17127
1988-12-30,0.17188
1989-01-06,0.17445
1989-01-13,0.17996
1989-01-20,0.18961
1989-01-27,0.20754
1989-02-03,0.23807
1989-02-10,0.28479
1989-02-17,0.34947
1989-02-24,0.42849
1989-03-03,0.51697
1989-03-10,0.60476
1989-03-17,0.68376
1989-03-24,0.74462
1989-03-31,0.78094
1989-04-07,0.79061
1989-04-14,0.77261
1989-04-21,0.72681
1989-04-28,0.66204
1989-05-05,0.58176
1989-05-12,0.49796
1989-05-19,0.41946
1989-05-26,0.35677
1989-06-02,0.31521
1989-06-09,0.29478
1989-06-16,0.28961
1989-06-23,0.29126
1989-06-30,0.2902
1989-07-07,0.28129
1989-07-14,0.26198
1989-07-21,0.23777
1989-07-28,0.2155
1989-08-04,0.19978
1989-08-11,0.19795
1989-08-18,0.21016
1989-08-25,0.2354
1989-09-01,0.27078
1989-09-08,0.31078
1989-09-15,0.35085
1989-09-22,0.38396
1989-09-29,0.406
1989-10-06,0.41163
1989-10-13,0.39811
1989-10-20,0.36604
1989-10-27,0.31843
1989-11-03,0.26099
1989-11-10,0.2018
1989-11-17,0.14586
1989-11-24,0.09876
1989-12-01,0.06297
1989-12-08,0.0394
1989-12-15,0.0276
1989-12-22,0.02637
1989-12-29,0.03306
1990-01-05,0.04622
1990-01-12,0.0614
1990-01-19,0.07393
1990-01-26,0.08196
1990-02-02,0.08212
1990-02-09,0.07485
1990-02-16,0.06263
1990-02-23,0.04937
1990-03-02,0.03917
1990-03-09,0.03492
1990-03-16,0.03966
1990-03-23,0.05196
1990-03-30,0.07024
1990-04-06,0.0914
1990-04-13,0.1088
1990-04-20,0.11941
1990-04-27,0.1186
1990-05-04,0.10287
1990-05-11,0.07291
1990-05-18,0.03139
1990-05-25,-0.01671
1990-06-01,-0.06571
1990-06-08,-0.10891
1990-06-15,-0.14239
1990-06-22,-0.16473
1990-06-29,-0.17387
1990-07-06,-0.17051
1990-07-13,-0.15561
1990-07-20,-0.12857
1990-07-27,-0.09125
1990-08-03,-0.04669
1990-08-10,0.00292
1990-08-17,0.05263
1990-08-24,0.10207
1990-08-31,0.15082
1990-09-07,0.20146
1990-09-14,0.25306
1990-09-21,0.30468
1990-09-28,0.35325
1990-10-05,0.3896
1990-10-12,0.41225
1990-10-19,0.42219
1990-10-26,0.42029
1990-11-02,0.4141
1990-11-09,0.40892
1990-11-16,0.40669
1990-11-23,0.41058
1990-11-30,0.42291
1990-12-07,0.44035
1990-12-14,0.46404
1990-12-21,0.4925
1990-12-28,0.51572
1991-01-04,0.523
1991-01-11,0.5104
1991-01-18,0.47066
1991-01-25,0.40305
1991-02-01,0.32183
1991-02-08,0.23446
1991-02-15,0.1517
1991-02-22,0.07945
1991-03-01,0.01831
1991-03-08,-0.03477
1991-03-15,-0.0809
1991-03-22,-0.12117
1991-03-29,-0.15585
1991-04-05,-0.18312
1991-04-12,-0.20361
1991-04-19,-0.21948
1991-04-26,-0.2305
1991-05-03,-0.23772
1991-05-10,-0.24131
1991-05-17,-0.23901
1991-05-24,-0.23144
1991-05-31,-0.22059
1991-06-07,-0.21047
1991-06-14,-0.20613
1991-06-21,-0.21305
1991-06-28,-0.23287
1991-07-05,-0.26655
1991-07-12,-0.31025
1991-07-19,-0.35998
1991-07-26,-0.40959
1991-08-02,-0.45435
1991-08-09,-0.49177
1991-08-16,-0.51956
1991-08-23,-0.5391
1991-08-30,-0.55256
1991-09-06,-0.56006
1991-09-13,-0.5656
1991-09-20,-0.569
1991-09-27,-0.57168
1991-10-04,-0.57448
1991-10-11,-0.57988
1991-10-18,-0.58748
1991-10-25,-0.59685
1991-11-01,-0.60748
1991-11-08,-0.61755
1991-11-15,-0.62626
1991-11-22,-0.63378
1991-11-29,-0.64166
1991-12-06,-0.65124
1991-12-13,-0.66277
1991-12-20,-0.67248
1991-12-27,-0.68067
1992-01-03,-0.68255
1992-01-10,-0.68128
1992-01-17,-0.67528
1992-01-24,-0.6695
1992-01-31,-0.66649
1992-02-07,-0.66566
1992-02-14,-0.66672
1992-02-21,-0.6673
1992-02-28,-0.66711
1992-03-06,-0.66628
1992-03-13,-0.66589
1992-03-20,-0.66923
1992-03-27,-0.67823
1992-04-03,-0.69272
1992-04-10,-0.71293
1992-04-17,-0.7362
1992-04-24,-0.76184
1992-05-01,-0.78768
1992-05-08,-0.81161
1992-05-15,-0.83324
1992-05-22,-0.85237
1992-05-29,-0.86836
1992-06-05,-0.88214
1992-06-12,-0.89542
1992-06-19,-0.90834
1992-06-26,-0.92084
1992-07-03,-0.93231
1992-07-10,-0.94122
1992-07-17,-0.9473
1992-07-24,-0.94945
1992-07-31,-0.94748
1992-08-07,-0.9422
1992-08-14,-0.93479
1992-08-21,-0.92498
1992-08-28,-0.91237
1992-09-04,-0.89585
1992-09-11,-0.87478
1992-09-18,-0.8467
1992-09-25,-0.81267
1992-10-02,-0.77512
1992-10-09,-0.73804
1992-10-16,-0.70505
1992-10-23,-0.67952
1992-10-30,-0.66422
1992-11-06,-0.66092
1992-11-13,-0.66883
1992-11-20,-0.68872
1992-11-27,-0.71994
1992-12-04,-0.76024
1992-12-11,-0.8055
1992-12-18,-0.84933
1992-12-25,-0.8886
1993-01-01,-0.91934
1993-01-08,-0.94034
1993-01-15,-0.95398
1993-01-22,-0.96172
1993-01-29,-0.96527
1993-02-05,-0.96662
1993-02-12,-0.96687
1993-02-19,-0.9665
1993-02-26,-0.96806
1993-03-05,-0.971
1993-03-12,-0.97619
1993-03-19,-0.98363
1993-03-26,-0.99261
1993-04-02,-1.00108
1993-04-09,-1.00874
1993-04-16,-1.01428
1993-04-23,-1.0166
1993-04-30,-1.01639
1993-05-07,-1.01264
1993-05-14,-1.00701
1993-05-21,-1.00151
1993-05-28,-0.99831
1993-06-04,-0.99959
1993-06-11,-1.00815
1993-06-18,-1.02369
1993-06-25,-1.04407
1993-07-02,-1.0663
1993-07-09,-1.08759
1993-07-16,-1.10433
1993-07-23,-1.11602
1993-07-30,-1.12208
1993-08-06,-1.12427
1993-08-13,-1.1239
1993-08-20,-1.12131
1993-08-27,-1.11662
1993-09-03,-1.11022
1993-09-10,-1.10195
1993-09-17,-1.09166
1993-09-24,-1.08061
1993-10-01,-1.0689
1993-10-08,-1.05629
1993-10-15,-1.04166
1993-10-22,-1.02437
1993-10-29,-1.00494
1993-11-05,-0.986
1993-11-12,-0.97097
1993-11-19,-0.96253
1993-11-26,-0.96307
1993-12-03,-0.97179
1993-12-10,-0.9861
1993-12-17,-1.00318
1993-12-24,-1.01998
1993-12-31,-1.034
1994-01-07,-1.04417
1994-01-14,-1.04991
1994-01-21,-1.04876
1994-01-28,-1.0413
1994-02-04,-1.02588
1994-02-11,-1.00206
1994-02-18,-0.97186
1994-02-25,-0.93668
1994-03-04,-0.89749
1994-03-11,-0.85808
1994-03-18,-0.82116
1994-03-25,-0.78877
1994-04-01,-0.76277
1994-04-08,-0.745
1994-04-15,-0.73456
1994-04-22,-0.72961
1994-04-29,-0.73077
1994-05-06,-0.73383
1994-05-13,-0.73929
1994-05-20,-0.74645
1994-05-27,-0.75211
1994-06-03,-0.75312
1994-06-10,-0.75091
1994-06-17,-0.74376
1994-06-24,-0.73558
1994-07-01,-0.72966
1994-07-08,-0.73093
1994-07-15,-0.74016
1994-07-22,-0.75662
1994-07-29,-0.77677
1994-08-05,-0.79656
1994-08-12,-0.81331
1994-08-19,-0.8232
1994-08-26,-0.82361
1994-09-02,-0.81353
1994-09-09,-0.79258
1994-09-16,-0.76166
1994-09-23,-0.72542
1994-09-30,-0.68792
1994-10-07,-0.65481
1994-10-14,-0.62903
1994-10-21,-0.61052
1994-10-28,-0.59604
1994-11-04,-0.58204
1994-11-11,-0.56409
1994-11-18,-0.53961
1994-11-25,-0.50871
1994-12-02,-0.47455
1994-12-09,-0.44012
1994-12-16,-0.41288
1994-12-23,-0.3962
1994-12-30,-0.39405
1995-01-06,-0.408
1995-01-13,-0.43626
1995-01-20,-0.47471
1995-01-27,-0.51796
1995-02-03,-0.56101
1995-02-10,-0.59879
1995-02-17,-0.6279
1995-02-24,-0.64791
1995-03-03,-0.6585
1995-03-10,-0.66163
1995-03-17,-0.66083
1995-03-24,-0.65778
1995-03-31,-0.65621
1995-04-07,-0.65779
1995-04-14,-0.66465
1995-04-21,-0.6776
1995-04-28,-0.69557
1995-05-05,-0.71595
1995-05-12,-0.73586
1995-05-19,-0.75057
1995-05-26,-0.75781
1995-06-02,-0.75572
1995-06-09,-0.74715
1995-06-16,-0.73378
1995-06-23,-0.72102
1995-06-30,-0.71107
1995-07-07,-0.70544
1995-07-14,-0.70585
1995-07-21,-0.70982
1995-07-28,-0.71596
1995-08-04,-0.72428
1995-08-11,-0.73331
1995-08-18,-0.74129
1995-08-25,-0.74752
1995-09-01,-0.75002
1995-09-08,-0.7488
1995-09-15,-0.74425
1995-09-22,-0.73709
1995-09-29,-0.72975
1995-10-06,-0.72618
1995-10-13,-0.72689
1995-10-20,-0.73282
1995-10-27,-0.74328
1995-11-03,-0.75768
1995-11-10,-0.77294
1995-11-17,-0.78527
1995-11-24,-0.79355
1995-12-01,-0.79596
1995-12-08,-0.79306
1995-12-15,-0.78577
1995-12-22,-0.77823
1995-12-29,-0.77424
1996-01-05,-0.77852
1996-01-12,-0.79023
1996-01-19,-0.80918
1996-01-26,-0.83255
1996-02-02,-0.85388
1996-02-09,-0.86733
1996-02-16,-0.87046
1996-02-23,-0.86248
1996-03-01,-0.84395
1996-03-08,-0.81981
1996-03-15,-0.79237
1996-03-22,-0.76637
1996-03-29,-0.74314
1996-04-05,-0.72482
1996-04-12,-0.71196
1996-04-19,-0.7072
1996-04-26,-0.7106
1996-05-03,-0.71925
1996-05-10,-0.73103
1996-05-17,-0.74219
1996-05-24,-0.74865
1996-05-31,-0.74936
1996-06-07,-0.74412
1996-06-14,-0.736
1996-06-21,-0.72698
1996-06-28,-0.72001
1996-07-05,-0.71599
1996-07-12,-0.71628
1996-07-19,-0.72243
1996-07-26,-0.73321
1996-08-02,-0.74668
1996-08-09,-0.76196
1996-08-16,-0.77334
1996-08-23,-0.77855
1996-08-30,-0.7767
1996-09-06,-0.76822
1996-09-13,-0.75767
1996-09-20,-0.7485
1996-09-27,-0.74413
1996-10-04,-0.74721
1996-10-11,-0.75769
1996-10-18,-0.77286
1996-10-25,-0.79041
1996-11-01,-0.80689
1996-11-08,-0.8186
1996-11-15,-0.82233
1996-11-22,-0.8175
1996-11-29,-0.80381
1996-12-06,-0.78324
1996-12-13,-0.75936
1996-12-20,-0.73609
1996-12-27,-0.71685
1997-01-03,-0.70334
1997-01-10,-0.69671
1997-01-17,-0.69813
1997-01-24,-0.70607
1997-01-31,-0.71841
1997-02-07,-0.73238
1997-02-14,-0.74543
1997-02-21,-0.75336
1997-02-28,-0.75474
1997-03-07,-0.74862
1997-03-14,-0.73635
1997-03-21,-0.71968
1997-03-28,-0.70094
1997-04-04,-0.68181
1997-04-11,-0.66529
1997-04-18,-0.652
1997-04-25,-0.64241
1997-05-02,-0.63705
1997-05-09,-0.6342
1997-05-16,-0.63301
1997-05-23,-0.6326
1997-05-30,-0.63215
1997-06-06,-0.63237
1997-06-13,-0.63425
1997-06-20,-0.63771
1997-06-27,-0.64241
1997-07-04,-0.64889
1997-07-11,-0.65489
1997-07-18,-0.6602
1997-07-25,-0.66441
1997-08-01,-0.66637
1997-08-08,-0.66613
1997-08-15,-0.66297
1997-08-22,-0.65725
1997-08-29,-0.64951
1997-09-05,-0.64121
1997-09-12,-0.6328
1997-09-19,-0.62421
1997-09-26,-0.61415
1997-10-03,-0.60117
1997-10-10,-0.58271
1997-10-17,-0.55952
1997-10-24,-0.53357
1997-10-31,-0.50829
1997-11-07,-0.48924
1997-11-14,-0.47623
1997-11-21,-0.47165
1997-11-28,-0.47382
1997-12-05,-0.48057
1997-12-12,-0.48984
1997-12-19,-0.50254
1997-12-26,-0.51828
1998-01-02,-0.53612
1998-01-09,-0.55506
1998-01-16,-0.57628
1998-01-23,-0.59686
1998-01-30,-0.61691
1998-02-06,-0.63542
1998-02-13,-0.64983
1998-02-20,-0.65992
1998-02-27,-0.66391
1998-03-06,-0.66105
1998-03-13,-0.65453
1998-03-20,-0.64696
1998-03-27,-0.63894
1998-04-03,-0.63205
1998-04-10,-0.62642
1998-04-17,-0.62068
1998-04-24,-0.61372
1998-05-01,-0.60599
1998-05-08,-0.5986
1998-05-15,-0.59243
1998-05-22,-0.5876
1998-05-29,-0.58227
1998-06-05,-0.57752
1998-06-12,-0.57197
1998-06-19,-0.56689
1998-06-26,-0.5628
1998-07-03,-0.56143
1998-07-10,-0.56109
1998-07-17,-0.55793
1998-07-24,-0.54646
1998-07-31,-0.52248
1998-08-07,-0.48356
1998-08-14,-0.43103
1998-08-21,-0.36975
1998-08-28,-0.30445
1998-09-04,-0.24002
1998-09-11,-0.17761
1998-09-18,-0.11708
1998-09-25,-0.06033
1998-10-02,-0.01226
1998-10-09,0.02181
1998-10-16,0.03504
1998-10-23,0.02453
1998-10-30,-0.00336
1998-11-06,-0.04014
1998-11-13,-0.074
1998-11-20,-0.10269
1998-11-27,-0.12308
1998-12-04,-0.13808
1998-12-11,-0.15386
1998-12-18,-0.173
1998-12-25,-0.19515
1999-01-01,-0.21654
1999-01-08,-0.23432
1999-01-15,-0.25013
1999-01-22,-0.26494
1999-01-29,-0.28155
1999-02-05,-0.30126
1999-02-12,-0.32365
1999-02-19,-0.34699
1999-02-26,-0.36777
1999-03-05,-0.38416
1999-03-12,-0.39684
1999-03-19,-0.40564
1999-03-26,-0.41149
1999-04-02,-0.41608
1999-04-09,-0.42057
1999-04-16,-0.42561
1999-04-23,-0.4305
1999-04-30,-0.43478
1999-05-07,-0.43607
1999-05-14,-0.43162
1999-05-21,-0.42076
1999-05-28,-0.40447
1999-06-04,-0.38539
1999-06-11,-0.36575
1999-06-18,-0.34711
1999-06-25,-0.32885
1999-07-02,-0.30924
1999-07-09,-0.28579
1999-07-16,-0.25744
1999-07-23,-0.22743
1999-07-30,-0.19953
1999-08-06,-0.17584
1999-08-13,-0.1591
1999-08-20,-0.1492
1999-08-27,-0.14205
1999-09-03,-0.13363
1999-09-10,-0.12143
1999-09-17,-0.10608
1999-09-24,-0.08905
1999-10-01,-0.0727
1999-10-08,-0.06107
1999-10-15,-0.05985
1999-10-22,-0.06939
1999-10-29,-0.08832
1999-11-05,-0.11249
1999-11-12,-0.13682
1999-11-19,-0.1558
1999-11-26,-0.16292
1999-12-03,-0.16032
1999-12-10,-0.15195
1999-12-17,-0.14521
1999-12-24,-0.14435
1999-12-31,-0.15121
2000-01-07,-0.16705
2000-01-14,-0.18386
2000-01-21,-0.19687
2000-01-28,-0.20371
2000-02-04,-0.20349
2000-02-11,-0.2001
2000-02-18,-0.19349
2000-02-25,-0.18352
2000-03-03,-0.17043
2000-03-10,-0.15115
2000-03-17,-0.12697
2000-03-24,-0.10109
2000-03-31,-0.07667
2000-04-07,-0.05858
2000-04-14,-0.04397
2000-04-21,-0.03081
2000-04-28,-0.01513
2000-05-05,0.00517
2000-05-12,0.02682
2000-05-19,0.04688
2000-05-26,0.06164
2000-06-02,0.06778
2000-06-09,0.06522
2000-06-16,0.05653
2000-06-23,0.04213
2000-06-30,0.02303
2000-07-07,-0.00253
2000-07-14,-0.03335
2000-07-21,-0.06724
2000-07-28,-0.10146
2000-08-04,-0.13185
2000-08-11,-0.15589
2000-08-18,-0.172
2000-08-25,-0.18228
2000-09-01,-0.18919
2000-09-08,-0.19261
2000-09-15,-0.19359
2000-09-22,-0.19051
2000-09-29,-0.18364
2000-10-06,-0.17458
2000-10-13,-0.16464
2000-10-20,-0.15847
2000-10-27,-0.15548
2000-11-03,-0.15193
2000-11-10,-0.14384
2000-11-17,-0.12744
2000-11-24,-0.10275
2000-12-01,-0.0741
2000-12-08,-0.05003
2000-12-15,-0.03931
2000-12-22,-0.04459
2000-12-29,-0.06991
2001-01-05,-0.10696
2001-01-12,-0.1495
2001-01-19,-0.19083
2001-01-26,-0.22531
2001-02-02,-0.25131
2001-02-09,-0.2687
2001-02-16,-0.27737
2001-02-23,-0.27694
2001-03-02,-0.27086
2001-03-09,-0.26075
2001-03-16,-0.24896
2001-03-23,-0.24145
2001-03-30,-0.2424
2001-04-06,-0.25153
2001-04-13,-0.27249
2001-04-20,-0.30018
2001-04-27,-0.33014
2001-05-04,-0.36008
2001-05-11,-0.38543
2001-05-18,-0.40386
2001-05-25,-0.41819
2001-06-01,-0.42893
2001-06-08,-0.43755
2001-06-15,-0.44533
2001-06-22,-0.45237
2001-06-29,-0.45938
2001-07-06,-0.46776
2001-07-13,-0.47795
2001-07-20,-0.48999
2001-07-27,-0.50402
2001-08-03,-0.51532
2001-08-10,-0.51635
2001-08-17,-0.50405
2001-08-24,-0.47595
2001-08-31,-0.43659
2001-09-07,-0.39328
2001-09-14,-0.35494
2001-09-21,-0.33101
2001-09-28,-0.3275
2001-10-05,-0.33604
2001-10-12,-0.35439
2001-10-19,-0.37593
2001-10-26,-0.39605
2001-11-02,-0.40908
2001-11-09,-0.41385
2001-11-16,-0.41006
2001-11-23,-0.39512
2001-11-30,-0.37394
2001-12-07,-0.35232
2001-12-14,-0.33864
2001-12-21,-0.33817
2001-12-28,-0.3547
2002-01-04,-0.38291
2002-01-11,-0.41811
2002-01-18,-0.45088
2002-01-25,-0.47464
2002-02-01,-0.48819
2002-02-08,-0.49379
2002-02-15,-0.49541
2002-02-22,-0.49515
2002-03-01,-0.49642
2002-03-08,-0.49777
2002-03-15,-0.49938
2002-03-22,-0.5024
2002-03-29,-0.5082
2002-04-05,-0.5196
2002-04-12,-0.53814
2002-04-19,-0.56213
2002-04-26,-0.58829
2002-05-03,-0.61348
2002-05-10,-0.63067
2002-05-17,-0.63947
2002-05-24,-0.63795
2002-05-31,-0.62868
2002-06-07,-0.6129
2002-06-14,-0.59325
2002-06-21,-0.57052
2002-06-28,-0.54517
2002-07-05,-0.51817
2002-07-12,-0.49013
2002-07-19,-0.46508
2002-07-26,-0.44449
2002-08-02,-0.4318
2002-08-09,-0.42359
2002-08-16,-0.42018
2002-08-23,-0.41511
2002-08-30,-0.40755
2002-09-06,-0.39546
2002-09-13,-0.38204
2002-09-20,-0.36959
2002-09-27,-0.36173
2002-10-04,-0.35998
2002-10-11,-0.36559
2002-10-18,-0.37906
2002-10-25,-0.39602
2002-11-01,-0.4164
2002-11-08,-0.43618
2002-11-15,-0.45274
2002-11-22,-0.46234
2002-11-29,-0.46526
2002-12-06,-0.46288
2002-12-13,-0.46168
2002-12-20,-0.46354
2002-12-27,-0.47221
2003-01-03,-0.4878
2003-01-10,-0.50673
2003-01-17,-0.52327
2003-01-24,-0.53406
2003-01-31,-0.53991
2003-02-07,-0.54122
2003-02-14,-0.5417
2003-02-21,-0.54334
2003-02-28,-0.54776
2003-03-07,-0.55475
2003-03-14,-0.56437
2003-03-21,-0.57795
2003-03-28,-0.59701
2003-04-04,-0.62136
2003-04-11,-0.6498
2003-04-18,-0.6786
2003-04-25,-0.70429
2003-05-02,-0.72327
2003-05-09,-0.73347
2003-05-16,-0.73652
2003-05-23,-0.73463
2003-05-30,-0.73118
2003-06-06,-0.7282
2003-06-13,-0.72751
2003-06-20,-0.72977
2003-06-27,-0.73339
2003-07-04,-0.73652
2003-07-11,-0.73723
2003-07-18,-0.7336
2003-07-25,-0.72553
2003-08-01,-0.71179
2003-08-08,-0.69727
2003-08-15,-0.68354
2003-08-22,-0.67322
2003-08-29,-0.66772
2003-09-05,-0.66731
2003-09-12,-0.6714
2003-09-19,-0.67851
2003-09-26,-0.68655
2003-10-03,-0.69459
2003-10-10,-0.70285
2003-10-17,-0.71062
2003-10-24,-0.71644
2003-10-31,-0.72166
2003-11-07,-0.72495
2003-11-14,-0.72575
2003-11-21,-0.72444
2003-11-28,-0.72191
2003-12-05,-0.71838
2003-12-12,-0.71773
2003-12-19,-0.72066
2003-12-26,-0.72775
2004-01-02,-0.73946
2004-01-09,-0.75431
2004-01-16,-0.7693
2004-01-23,-0.78322
2004-01-30,-0.79589
2004-02-06,-0.80617
2004-02-13,-0.81527
2004-02-20,-0.82222
2004-02-27,-0.82647
2004-03-05,-0.82779
2004-03-12,-0.82671
2004-03-19,-0.82263
2004-03-26,-0.81644
2004-04-02,-0.80829
2004-04-09,-0.79696
2004-04-16,-0.78234
2004-04-23,-0.76455
2004-04-30,-0.74567
2004-05-07,-0.72717
2004-05-14,-0.71212
2004-05-21,-0.70125
2004-05-28,-0.69464
2004-06-04,-0.69121
2004-06-11,-0.6894
2004-06-18,-0.68784
2004-06-25,-0.68745
2004-07-02,-0.6876
2004-07-09,-0.6886
2004-07-16,-0.69009
2004-07-23,-0.69237
2004-07-30,-0.69489
2004-08-06,-0.69676
2004-08-13,-0.69966
2004-08-20,-0.70253
2004-08-27,-0.70587
2004-09-03,-0.7083
2004-09-10,-0.71029
2004-09-17,-0.71123
2004-09-24,-0.71106
2004-10-01,-0.7097
2004-10-08,-0.70858
2004-10-15,-0.70843
2004-10-22,-0.71027
2004-10-29,-0.7129
2004-11-05,-0.71666
2004-11-12,-0.72123
2004-11-19,-0.72386
2004-11-26,-0.72475
2004-12-03,-0.72298
2004-12-10,-0.71956
2004-12-17,-0.71428
2004-12-24,-0.7082
2004-12-31,-0.70316
2005-01-07,-0.70041
2005-01-14,-0.70073
2005-01-21,-0.7038
2005-01-28,-0.71004
2005-02-04,-0.71803
2005-02-11,-0.72464
2005-02-18,-0.72734
2005-02-25,-0.7253
2005-03-04,-0.71734
2005-03-11,-0.70492
2005-03-18,-0.68938
2005-03-25,-0.67361
2005-04-01,-0.65925
2005-04-08,-0.64679
2005-04-15,-0.63611
2005-04-22,-0.62731
2005-04-29,-0.62035
2005-05-06,-0.61501
2005-05-13,-0.61168
2005-05-20,-0.61097
2005-05-27,-0.61264
2005-06-03,-0.61438
2005-06-10,-0.61628
2005-06-17,-0.61727
2005-06-24,-0.61839
2005-07-01,-0.62004
2005-07-08,-0.62204
2005-07-15,-0.62578
2005-07-22,-0.62856
2005-07-29,-0.62987
2005-08-05,-0.62822
2005-08-12,-0.62479
2005-08-19,-0.61881
2005-08-26,-0.61135
2005-09-02,-0.60258
2005-09-09,-0.59334
2005-09-16,-0.58356
2005-09-23,-0.57517
2005-09-30,-0.5697
2005-10-07,-0.56941
2005-10-14,-0.57434
2005-10-21,-0.58223
2005-10-28,-0.59097
2005-11-04,-0.59691
2005-11-11,-0.59885
2005-11-18,-0.59528
2005-11-25,-0.58865
2005-12-02,-0.58052
2005-12-09,-0.57333
2005-12-16,-0.56874
2005-12-23,-0.56876
2005-12-30,-0.57269
2006-01-06,-0.5819
2006-01-13,-0.59496
2006-01-20,-0.60899
2006-01-27,-0.62431
2006-02-03,-0.63701
2006-02-10,-0.64624
2006-02-17,-0.65181
2006-02-24,-0.65381
2006-03-03,-0.6523
2006-03-10,-0.64904
2006-03-17,-0.64498
2006-03-24,-0.64122
2006-03-31,-0.63748
2006-04-07,-0.63551
2006-04-14,-0.63442
2006-04-21,-0.63502
2006-04-28,-0.63547
2006-05-05,-0.63319
2006-05-12,-0.62857
2006-05-19,-0.61884
2006-05-26,-0.60548
2006-06-02,-0.58977
2006-06-09,-0.57372
2006-06-16,-0.55864
2006-06-23,-0.54694
2006-06-30,-0.54019
2006-07-07,-0.53886
2006-07-14,-0.54363
2006-07-21,-0.55407
2006-07-28,-0.56909
2006-08-04,-0.58588
2006-08-11,-0.60207
2006-08-18,-0.61474
2006-08-25,-0.62252
2006-09-01,-0.62479
2006-09-08,-0.62323
2006-09-15,-0.61999
2006-09-22,-0.61792
2006-09-29,-0.6186
2006-10-06,-0.62312
2006-10-13,-0.63133
2006-10-20,-0.64058
2006-10-27,-0.64954
2006-11-03,-0.65529
2006-11-10,-0.65745
2006-11-17,-0.65539
2006-11-24,-0.65043
2006-12-01,-0.64426
2006-12-08,-0.63986
2006-12-15,-0.63927
2006-12-22,-0.64348
2006-12-29,-0.65224
2007-01-05,-0.66503
2007-01-12,-0.67954
2007-01-19,-0.6937
2007-01-26,-0.70563
2007-02-02,-0.71186
2007-02-09,-0.71186
2007-02-16,-0.70402
2007-02-23,-0.68926
2007-03-02,-0.66942
2007-03-09,-0.6506
2007-03-16,-0.63565
2007-03-23,-0.6274
2007-03-30,-0.62445
2007-04-06,-0.62477
2007-04-13,-0.6236
2007-04-20,-0.61844
2007-04-27,-0.6077
2007-05-04,-0.59304
2007-05-11,-0.57973
2007-05-18,-0.56855
2007-05-25,-0.55935
2007-06-01,-0.55267
2007-06-08,-0.54796
2007-06-15,-0.54058
2007-06-22,-0.53277
2007-06-29,-0.52278
2007-07-06,-0.50588
2007-07-13,-0.47159
2007-07-20,-0.40849
2007-07-27,-0.30576
2007-08-03,-0.16645
2007-08-10,-0.00263
2007-08-17,0.16299
2007-08-24,0.29732
2007-08-31,0.36936
2007-09-07,0.38197
2007-09-14,0.33766
2007-09-21,0.25267
2007-09-28,0.16192
2007-10-05,0.08353
2007-10-12,0.03286
2007-10-19,0.02103
2007-10-26,0.05036
2007-11-02,0.12142
2007-11-09,0.23356
2007-11-16,0.36977
2007-11-23,0.51375
2007-11-30,0.63534
2007-12-07,0.71196
2007-12-14,0.73165
2007-12-21,0.69793
2007-12-28,0.6287
2008-01-04,0.55542
2008-01-11,0.49421
2008-01-18,0.46122
2008-01-25,0.46108
2008-02-01,0.48075
2008-02-08,0.5304
2008-02-15,0.60601
2008-02-22,0.70539
2008-02-29,0.81393
2008-03-07,0.91697
2008-03-14,0.98399
2008-03-21,1.00196
2008-03-28,0.96398
2008-04-04,0.88958
2008-04-11,0.79645
2008-04-18,0.70502
2008-04-25,0.62094
2008-05-02,0.54661
2008-05-09,0.48768
2008-05-16,0.44209
2008-05-23,0.42099
2008-05-30,0.43424
2008-06-06,0.48639
2008-06-13,0.55858
2008-06-20,0.63821
2008-06-27,0.70247
2008-07-04,0.73307
2008-07-11,0.72709
2008-07-18,0.70391
2008-07-25,0.66828
2008-08-01,0.64205
2008-08-08,0.63381
2008-08-15,0.64298
2008-08-22,0.69349
2008-08-29,0.79792
2008-09-05,0.97553
2008-09-12,1.23425
2008-09-19,1.5802
2008-09-26,1.92875
2008-10-03,2.24809
2008-10-10,2.4845
2008-10-17,2.61584
2008-10-24,2.65265
2008-10-31,2.6712
2008-11-07,2.69119
2008-11-14,2.74373
2008-11-21,2.82861
2008-11-28,2.87359
2008-12-05,2.86306
2008-12-12,2.77701
2008-12-19,2.61946
2008-12-26,2.42498
2009-01-02,2.25833
2009-01-09,2.10508
2009-01-16,1.9899
2009-01-23,1.90418
2009-01-30,1.84164
2009-02-06,1.80165
2009-02-13,1.79925
2009-02-20,1.8264
2009-02-27,1.864
2009-03-06,1.89619
2009-03-13,1.88163
2009-03-20,1.81889
2009-03-27,1.71417
2009-04-03,1.58774
2009-04-10,1.45206
2009-04-17,1.32949
2009-04-24,1.21592
2009-05-01,1.10395
2009-05-08,0.99364
2009-05-15,0.89513
2009-05-22,0.81017
2009-05-29,0.75546
2009-06-05,0.7247
2009-06-12,0.71121
2009-06-19,0.70366
2009-06-26,0.67838
2009-07-03,0.63035
2009-07-10,0.56167
2009-07-17,0.47974
2009-07-24,0.39589
2009-07-31,0.32343
2009-08-07,0.2673
2009-08-14,0.22476
2009-08-21,0.18968
2009-08-28,0.15614
2009-09-04,0.12298
2009-09-11,0.08843
2009-09-18,0.05615
2009-09-25,0.02903
2009-10-02,0.01277
2009-10-09,0.00064
2009-10-16,-0.00856
2009-10-23,-0.01736
2009-10-30,-0.02572
2009-11-06,-0.03858
2009-11-13,-0.05463
2009-11-20,-0.07112
2009-11-27,-0.08842
2009-12-04,-0.10813
2009-12-11,-0.1334
2009-12-18,-0.16261
2009-12-25,-0.19343
2010-01-01,-0.21999
2010-01-08,-0.24067
2010-01-15,-0.24729
2010-01-22,-0.24025
2010-01-29,-0.23022
2010-02-05,-0.2245
2010-02-12,-0.23195
2010-02-19,-0.2575
2010-02-26,-0.29629
2010-03-05,-0.34334
2010-03-12,-0.39118
2010-03-19,-0.43434
2010-03-26,-0.4724
2010-04-02,-0.50106
2010-04-09,-0.51639
2010-04-16,-0.5092
2010-04-23,-0.47427
2010-04-30,-0.4096
2010-05-07,-0.32161
2010-05-14,-0.23227
2010-05-21,-0.15065
2010-05-28,-0.09493
2010-06-04,-0.06899
2010-06-11,-0.06683
2010-06-18,-0.08662
2010-06-25,-0.11629
2010-07-02,-0.15211
2010-07-09,-0.19609
2010-07-16,-0.24128
2010-07-23,-0.2814
2010-07-30,-0.31108
2010-08-06,-0.32644
2010-08-13,-0.32671
2010-08-20,-0.31979
2010-08-27,-0.31499
2010-09-03,-0.31879
2010-09-10,-0.33439
2010-09-17,-0.35779
2010-09-24,-0.38355
2010-10-01,-0.40968
2010-10-08,-0.4342
2010-10-15,-0.45597
2010-10-22,-0.47466
2010-10-29,-0.48961
2010-11-05,-0.49787
2010-11-12,-0.49708
2010-11-19,-0.49254
2010-11-26,-0.48766
2010-12-03,-0.48835
2010-12-10,-0.49961
2010-12-17,-0.51726
2010-12-24,-0.53953
2010-12-31,-0.56134
2011-01-07,-0.58039
2011-01-14,-0.59666
2011-01-21,-0.61166
2011-01-28,-0.62457
2011-02-04,-0.63315
2011-02-11,-0.63466
2011-02-18,-0.62583
2011-02-25,-0.60722
2011-03-04,-0.58721
2011-03-11,-0.57068
2011-03-18,-0.56327
2011-03-25,-0.56956
2011-04-01,-0.58374
2011-04-08,-0.60096
2011-04-15,-0.61431
2011-04-22,-0.62084
2011-04-29,-0.62113
2011-05-06,-0.61688
2011-05-13,-0.60832
2011-05-20,-0.59736
2011-05-27,-0.58195
2011-06-03,-0.56292
2011-06-10,-0.54189
2011-06-17,-0.52578
2011-06-24,-0.51728
2011-07-01,-0.51631
2011-07-08,-0.51382
2011-07-15,-0.49833
2011-07-22,-0.46216
2011-07-29,-0.40215
2011-08-05,-0.32231
2011-08-12,-0.2365
2011-08-19,-0.16436
2011-08-26,-0.10377
2011-09-02,-0.06176
2011-09-09,-0.02858
2011-09-16,-0.00494
2011-09-23,0.01171
2011-09-30,0.01463
2011-10-07,0.00227
2011-10-14,-0.02587
2011-10-21,-0.05309
2011-10-28,-0.07214
2011-11-04,-0.07109
2011-11-11,-0.05496
2011-11-18,-0.03166
2011-11-25,-0.01098
2011-12-02,-0.00797
2011-12-09,-0.01786
2011-12-16,-0.03758
2011-12-23,-0.06609
2011-12-30,-0.10232
2012-01-06,-0.14658
2012-01-13,-0.19912
2012-01-20,-0.25483
2012-01-27,-0.30674
2012-02-03,-0.34593
2012-02-10,-0.37054
2012-02-17,-0.38211
2012-02-24,-0.39073
2012-03-02,-0.4027
2012-03-09,-0.41606
2012-03-16,-0.43033
2012-03-23,-0.43831
2012-03-30,-0.43561
2012-04-06,-0.42367
2012-04-13,-0.40574
2012-04-20,-0.38739
2012-04-27,-0.36653
2012-05-04,-0.34164
2012-05-11,-0.30915
2012-05-18,-0.27128
2012-05-25,-0.23771
2012-06-01,-0.21317
2012-06-08,-0.20482
2012-06-15,-0.21497
2012-06-22,-0.23777
2012-06-29,-0.2634
2012-07-06,-0.2884
2012-07-13,-0.30938
2012-07-20,-0.32845
2012-07-27,-0.34584
2012-08-03,-0.3658
2012-08-10,-0.38592
2012-08-17,-0.40589
2012-08-24,-0.42482
2012-08-31,-0.44177
2012-09-07,-0.4596
2012-09-14,-0.4797
2012-09-21,-0.49923
2012-09-28,-0.51662
2012-10-05,-0.53099
2012-10-12,-0.53861
2012-10-19,-0.54056
2012-10-26,-0.5367
2012-11-02,-0.53261
2012-11-09,-0.52991
2012-11-16,-0.53047
2012-11-23,-0.53617
2012-11-30,-0.54348
2012-12-07,-0.55265
2012-12-14,-0.56408
2012-12-21,-0.57667
2012-12-28,-0.5899
2013-01-04,-0.60632
2013-01-11,-0.62102
2013-01-18,-0.63166
2013-01-25,-0.63791
2013-02-01,-0.63972
2013-02-08,-0.6388
2013-02-15,-0.63902
2013-02-22,-0.64116
2013-03-01,-0.64451
2013-03-08,-0.65022
2013-03-15,-0.65565
2013-03-22,-0.65942
2013-03-29,-0.66393
2013-04-05,-0.6707
2013-04-12,-0.68107
2013-04-19,-0.69366
2013-04-26,-0.70878
2013-05-03,-0.72173
2013-05-10,-0.7291
2013-05-17,-0.72791
2013-05-24,-0.71735
2013-05-31,-0.69824
2013-06-07,-0.67432
2013-06-14,-0.65052
2013-06-21,-0.63111
2013-06-28,-0.62219
2013-07-05,-0.62375
2013-07-12,-0.63463
2013-07-19,-0.6511
2013-07-26,-0.66637
2013-08-02,-0.67541
2013-08-09,-0.67729
2013-08-16,-0.67296
2013-08-23,-0.66589
2013-08-30,-0.66085
2013-09-06,-0.66051
2013-09-13,-0.66539
2013-09-20,-0.67365
2013-09-27,-0.68408
2013-10-04,-0.69529
2013-10-11,-0.70858
2013-10-18,-0.72398
2013-10-25,-0.74079
2013-11-01,-0.75671
2013-11-08,-0.77098
2013-11-15,-0.78174
2013-11-22,-0.7882
2013-11-29,-0.79236
2013-12-06,-0.7955
2013-12-13,-0.79927
2013-12-20,-0.80273
2013-12-27,-0.80483
2014-01-03,-0.80111
2014-01-10,-0.7943
2014-01-17,-0.7838
2014-01-24,-0.77318
2014-01-31,-0.76643
2014-02-07,-0.76607
2014-02-14,-0.77104
2014-02-21,-0.77782
2014-02-28,-0.78419
2014-03-07,-0.78779
2014-03-14,-0.78808
2014-03-21,-0.78694
2014-03-28,-0.78479
2014-04-04,-0.78397
2014-04-11,-0.78272
2014-04-18,-0.78099
2014-04-25,-0.77978
2014-05-02,-0.78
2014-05-09,-0.78242
2014-05-16,-0.78767
2014-05-23,-0.79634
2014-05-30,-0.80529
2014-06-06,-0.8118
2014-06-13,-0.81448
2014-06-20,-0.81289
2014-06-27,-0.80698
2014-07-04,-0.79787
2014-07-11,-0.78739
2014-07-18,-0.77578
2014-07-25,-0.76486
2014-08-01,-0.75479
2014-08-08,-0.7474
2014-08-15,-0.74421
2014-08-22,-0.74237
2014-08-29,-0.73979
2014-09-05,-0.73484
2014-09-12,-0.72432
2014-09-19,-0.7072
2014-09-26,-0.68606
2014-10-03,-0.66534
2014-10-10,-0.65052
2014-10-17,-0.64215
2014-10-24,-0.64551
2014-10-31,-0.65451
2014-11-07,-0.6655
2014-11-14,-0.67248
2014-11-21,-0.67122
2014-11-28,-0.66265
2014-12-05,-0.64779
2014-12-12,-0.62715
2014-12-19,-0.60523
2014-12-26,-0.58515
2015-01-02,-0.56395
2015-01-09,-0.54552
2015-01-16,-0.52944
2015-01-23,-0.51992
2015-01-30,-0.51682
2015-02-06,-0.52043
2015-02-13,-0.52872
2015-02-20,-0.53929
2015-02-27,-0.54888
2015-03-06,-0.55448
2015-03-13,-0.55769
2015-03-20,-0.56061
2015-03-27,-0.56351
2015-04-03,-0.56708
2015-04-10,-0.57094
2015-04-17,-0.57257
2015-04-24,-0.57275
2015-05-01,-0.56979
2015-05-08,-0.56551
2015-05-15,-0.5632
2015-05-22,-0.56291
2015-05-29,-0.56285
2015-06-05,-0.56221
2015-06-12,-0.55997
2015-06-19,-0.55502
2015-06-26,-0.55041
2015-07-03,-0.54428
2015-07-10,-0.54057
2015-07-17,-0.53755
2015-07-24,-0.52994
2015-07-31,-0.51549
2015-08-07,-0.49468
2015-08-14,-0.46932
2015-08-21,-0.44211
2015-08-28,-0.41817
2015-09-04,-0.40324
2015-09-11,-0.39749
2015-09-18,-0.39973
2015-09-25,-0.40873
2015-10-02,-0.42173
2015-10-09,-0.44111
2015-10-16,-0.45847
2015-10-23,-0.4742
2015-10-30,-0.48651
2015-11-06,-0.49296
2015-11-13,-0.49064
2015-11-20,-0.48098
2015-11-27,-0.46499
2015-12-04,-0.44343
2015-12-11,-0.4174
2015-12-18,-0.39146
2015-12-25,-0.3676
2016-01-01,-0.34699
2016-01-08,-0.32836
2016-01-15,-0.31032
2016-01-22,-0.29501
2016-01-29,-0.28284
2016-02-05,-0.27512
2016-02-12,-0.27492
2016-02-19,-0.28806
2016-02-26,-0.30938
2016-03-04,-0.33554
2016-03-11,-0.3606
2016-03-18,-0.38101
2016-03-25,-0.39318
2016-04-01,-0.39881
2016-04-08,-0.39945
2016-04-15,-0.39914
2016-04-22,-0.39885
2016-04-29,-0.39738
2016-05-06,-0.39482
2016-05-13,-0.39221
2016-05-20,-0.3882
2016-05-27,-0.38257
2016-06-03,-0.37554
2016-06-10,-0.36816
2016-06-17,-0.36011
2016-06-24,-0.35484
2016-07-01,-0.35132
2016-07-08,-0.35246
2016-07-15,-0.35738
2016-07-22,-0.36271
2016-07-29,-0.36832
2016-08-05,-0.37157
2016-08-12,-0.37188
2016-08-19,-0.36839
2016-08-26,-0.3613
2016-09-02,-0.35172
2016-09-09,-0.34318
2016-09-16,-0.33677
2016-09-23,-0.3342
2016-09-30,-0.33643
2016-10-07,-0.34345
2016-10-14,-0.3524
2016-10-21,-0.36344
2016-10-28,-0.3767
2016-11-04,-0.38986
2016-11-11,-0.40593
2016-11-18,-0.42172
2016-11-25,-0.43561
2016-12-02,-0.44712
2016-12-09,-0.45595
2016-12-16,-0.46146
2016-12-23,-0.46546
2016-12-30,-0.47061
2017-01-06,-0.47579
2017-01-13,-0.48145
2017-01-20,-0.48604
2017-01-27,-0.4887
2017-02-03,-0.48929
2017-02-10,-0.48866
2017-02-17,-0.48644
2017-02-24,-0.48347
2017-03-03,-0.48124
2017-03-10,-0.4782
2017-03-17,-0.47495
2017-03-24,-0.47237
2017-03-31,-0.47269
2017-04-07,-0.4752
2017-04-14,-0.48076
2017-04-21,-0.4888
2017-04-28,-0.49943
2017-05-05,-0.51052
2017-05-12,-0.52182
2017-05-19,-0.53245
2017-05-26,-0.54339
2017-06-02,-0.55205
2017-06-09,-0.55852
2017-06-16,-0.56303
2017-06-23,-0.56593
2017-06-30,-0.56937
2017-07-07,-0.57319
2017-07-14,-0.57805
2017-07-21,-0.58201
2017-07-28,-0.58261
2017-08-04,-0.57915
2017-08-11,-0.57227
2017-08-18,-0.56419
2017-08-25,-0.55796
2017-09-01,-0.55523
2017-09-08,-0.55641
2017-09-15,-0.56188
2017-09-22,-0.56926
2017-09-29,-0.5771
2017-10-06,-0.58539
2017-10-13,-0.59341
2017-10-20,-0.60114
2017-10-27,-0.60827
2017-11-03,-0.61547
2017-11-10,-0.62047
2017-11-17,-0.62329
2017-11-24,-0.62427
2017-12-01,-0.62358
2017-12-08,-0.62241
2017-12-15,-0.62355
2017-12-22,-0.62743
2017-12-29,-0.63288
2018-01-05,-0.63827
2018-01-12,-0.63794
2018-01-19,-0.63047
2018-01-26,-0.6164
2018-02-02,-0.59704
2018-02-09,-0.57536
2018-02-16,-0.55837
2018-02-23,-0.54438
2018-03-02,-0.53141
2018-03-09,-0.51854
2018-03-16,-0.50572
2018-03-23,-0.49396
2018-03-30,-0.48797
2018-04-06,-0.48857
2018-04-13,-0.49802
2018-04-20,-0.51383
2018-04-27,-0.5292
2018-05-04,-0.54132
2018-05-11,-0.54907
2018-05-18,-0.55147
2018-05-25,-0.54853
2018-06-01,-0.54226
2018-06-08,-0.536
2018-06-15,-0.52908
2018-06-22,-0.52297
2018-06-29,-0.51931
2018-07-06,-0.5203
2018-07-13,-0.52657
2018-07-20,-0.53654
2018-07-27,-0.54839
2018-08-03,-0.56013
2018-08-10,-0.57063
2018-08-17,-0.57752
2018-08-24,-0.5823
2018-08-31,-0.58605
2018-09-07,-0.58923
2018-09-14,-0.59121
2018-09-21,-0.59012
2018-09-28,-0.58526
2018-10-05,-0.57591
2018-10-12,-0.56191
2018-10-19,-0.54664
2018-10-26,-0.53087
2018-11-02,-0.51571
2018-11-09,-0.50092
2018-11-16,-0.48212
2018-11-23,-0.45956
2018-11-30,-0.4353
2018-12-07,-0.411
2018-12-14,-0.39341
2018-12-21,-0.38635
2018-12-28,-0.39187
2019-01-04,-0.40909
2019-01-11,-0.43347
2019-01-18,-0.46051
2019-01-25,-0.48705
2019-02-01,-0.51229
2019-02-08,-0.5343
2019-02-15,-0.55354
2019-02-22,-0.56945
2019-03-01,-0.58062
2019-03-08,-0.58691
2019-03-15,-0.59093
2019-03-22,-0.59443
2019-03-29,-0.5976
2019-04-05,-0.60296
2019-04-12,-0.60791
2019-04-19,-0.61095
2019-04-26,-0.61003
2019-05-03,-0.60538
2019-05-10,-0.59706
2019-05-17,-0.58778
2019-05-24,-0.57929
2019-05-31,-0.5716
2019-06-07,-0.56653
2019-06-14,-0.56429
2019-06-21,-0.56391
2019-06-28,-0.56666
2019-07-05,-0.57197
2019-07-12,-0.57595
2019-07-19,-0.57745
2019-07-26,-0.57441
2019-08-02,-0.56482
2019-08-09,-0.55095
2019-08-16,-0.53625
2019-08-23,-0.52442
2019-08-30,-0.51592
2019-09-06,-0.51147
2019-09-13,-0.50813
2019-09-20,-0.50385
2019-09-27,-0.50028
2019-10-04,-0.49771
2019-10-11,-0.50048
2019-10-18,-0.5112
2019-10-25,-0.5286
2019-11-01,-0.5478
2019-11-08,-0.56443
2019-11-15,-0.57262
2019-11-22,-0.57045
2019-11-29,-0.55949
2019-12-06,-0.54542
2019-12-13,-0.53686
2019-12-20,-0.53488
2019-12-27,-0.54204
2020-01-03,-0.55467
2020-01-10,-0.57072
2020-01-17,-0.58866
2020-01-24,-0.60451
2020-01-31,-0.61457
2020-02-07,-0.60837
2020-02-14,-0.56652
2020-02-21,-0.47201
2020-02-28,-0.31969
2020-03-06,-0.1273
2020-03-13,0.07853
2020-03-20,0.26045
2020-03-27,0.3757
2020-04-03,0.41801
2020-04-10,0.39257
2020-04-17,0.31837
2020-04-24,0.22279
2020-05-01,0.11438
2020-05-08,0.00822
2020-05-15,-0.08886
2020-05-22,-0.17825
2020-05-29,-0.25339
2020-06-05,-0.30886
2020-06-12,-0.34141
2020-06-19,-0.36062
2020-06-26,-0.37297
2020-07-03,-0.38554
2020-07-10,-0.40486
2020-07-17,-0.4295
2020-07-24,-0.45646
2020-07-31,-0.48015
2020-08-07,-0.49536
2020-08-14,-0.50366
2020-08-21,-0.50678
2020-08-28,-0.50552
2020-09-04,-0.50176
2020-09-11,-0.49748
2020-09-18,-0.49415
2020-09-25,-0.48795
2020-10-02,-0.48224
2020-10-09,-0.47882
2020-10-16,-0.4779
2020-10-23,-0.4822
2020-10-30,-0.49106
2020-11-06,-0.50654
2020-11-13,-0.52623
2020-11-20,-0.54501
2020-11-27,-0.56058
2020-12-04,-0.57325
2020-12-11,-0.58263
2020-12-18,-0.58939
2020-12-25,-0.59583
2021-01-01,-0.60257
2021-01-08,-0.60892
2021-01-15,-0.61282
2021-01-22,-0.61476
2021-01-29,-0.61398
2021-02-05,-0.61492
2021-02-12,-0.61617
2021-02-19,-0.61845
2021-02-26,-0.6219
2021-03-05,-0.62691
2021-03-12,-0.6316
2021-03-19,-0.63612
2021-03-26,-0.64207
2021-04-02,-0.64922
2021-04-09,-0.65838
2021-04-16,-0.66665
2021-04-23,-0.67415
2021-04-30,-0.68021
2021-05-07,-0.68532
2021-05-14,-0.68796
2021-05-21,-0.69123
2021-05-28,-0.695
2021-06-04,-0.69788
2021-06-11,-0.69785
2021-06-18,-0.69497
2021-06-25,-0.68962
2021-07-02,-0.68163
2021-07-09,-0.67259
2021-07-16,-0.66374
2021-07-23,-0.65569
2021-07-30,-0.64906
2021-08-06,-0.64301
2021-08-13,-0.639
2021-08-20,-0.63683
2021-08-27,-0.63775
2021-09-03,-0.63946
2021-09-10,-0.64224
2021-09-17,-0.64507
2021-09-24,-0.64643
2021-10-01,-0.64683
2021-10-08,-0.64628
2021-10-15,-0.64375
2021-10-22,-0.63812
2021-10-29,-0.6266
2021-11-05,-0.609
2021-11-12,-0.58631
2021-11-19,-0.56253
2021-11-26,-0.54161
2021-12-03,-0.52824
2021-12-10,-0.52728
2021-12-17,-0.53324
2021-12-24,-0.54279
2021-12-31,-0.55094
2022-01-07,-0.55384
2022-01-14,-0.55
2022-01-21,-0.54131
2022-01-28,-0.52746
2022-02-04,-0.50985
2022-02-11,-0.48454
2022-02-18,-0.45193
2022-02-25,-0.41621
2022-03-04,-0.38214
2022-03-11,-0.35918
2022-03-18,-0.34985
2022-03-25,-0.35143
2022-04-01,-0.35708
2022-04-08,-0.35787
2022-04-15,-0.34681
2022-04-22,-0.32712
2022-04-29,-0.30231
2022-05-06,-0.28004
2022-05-13,-0.26328
2022-05-20,-0.25152
2022-05-27,-0.238
2022-06-03,-0.21898
2022-06-10,-0.19339
2022-06-17,-0.16542
2022-06-24,-0.14649
2022-07-01,-0.14189
2022-07-08,-0.15278
2022-07-15,-0.17754
2022-07-22,-0.20846
2022-07-29,-0.23483
2022-08-05,-0.25161
2022-08-12,-0.2582
2022-08-19,-0.25341
2022-08-26,-0.23821
2022-09-02,-0.21514
2022-09-09,-0.18667
2022-09-16,-0.15576
2022-09-23,-0.12645
2022-09-30,-0.10322
2022-10-07,-0.09417
2022-10-14,-0.09956
2022-10-21,-0.1179
2022-10-28,-0.14413
2022-11-04,-0.17334
2022-11-11,-0.19673
2022-11-18,-0.20954
2022-11-25,-0.21207
2022-12-02,-0.2093
2022-12-09,-0.2082
2022-12-16,-0.21357
2022-12-23,-0.22638
2022-12-30,-0.24889
2023-01-06,-0.27595
2023-01-13,-0.30205
2023-01-20,-0.32408
2023-01-27,-0.34326
2023-02-03,-0.35304
2023-02-10,-0.34849
2023-02-17,-0.32637
2023-02-24,-0.28429
2023-03-03,-0.23079
2023-03-10,-0.17693
2023-03-17,-0.13004
2023-03-24,-0.11652
2023-03-31,-0.12983
2023-04-07,-0.15733
2023-04-14,-0.19259
2023-04-21,-0.22281
2023-04-28,-0.23915
2023-05-05,-0.24507
2023-05-12,-0.2466
2023-05-19,-0.24759
2023-05-26,-0.24991
2023-06-02,-0.25314
2023-06-09,-0.25367
2023-06-16,-0.25324
2023-06-23,-0.25437
2023-06-30,-0.25633
2023-07-07,-0.26425
2023-07-14,-0.27922
2023-07-21,-0.29656
2023-07-28,-0.313
2023-08-04,-0.32817
2023-08-11,-0.3401
2023-08-18,-0.34904
2023-08-25,-0.35641
2023-09-01,-0.36327
2023-09-08,-0.36653
2023-09-15,-0.36507
2023-09-22,-0.35731
2023-09-29,-0.34408
2023-10-06,-0.33139
2023-10-13,-0.3222
2023-10-20,-0.32147
2023-10-27,-0.33117
2023-11-03,-0.34987
2023-11-10,-0.37318
2023-11-17,-0.39695
2023-11-24,-0.41721
2023-12-01,-0.43351
2023-12-08,-0.44597
2023-12-15,-0.45753
2023-12-22,-0.46861
2023-12-29,-0.47825
2024-01-05,-0.48615
2024-01-12,-0.49079
2024-01-19,-0.49157
2024-01-26,-0.48775
2024-02-02,-0.48397
2024-02-09,-0.47975
2024-02-16,-0.4774
2024-02-23,-0.47729
2024-03-01,-0.47968
2024-03-08,-0.48252
2024-03-15,-0.48518
2024-03-22,-0.48494
2024-03-29,-0.48158
2024-04-05,-0.47739
2024-04-12,-0.47379
2024-04-19,-0.47373
2024-04-26,-0.4804
2024-05-03,-0.49253
2024-05-10,-0.50666
2024-05-17,-0.51855
2024-05-24,-0.52591
2024-05-31,-0.52725
2024-06-07,-0.52574
2024-06-14,-0.52475
2024-06-21,-0.52742
2024-06-28,-0.53564
2024-07-05,-0.54918
2024-07-12,-0.56269
